{
    "left_calib": [
        2960, 
        1664, 
        1055.0521257175044, 
        0.0, 
        1476.6648858909566, 
        0.0, 
        1054.6401168165328, 
        887.5653467911538, 
        0.0, 
        0.0, 
        1.0, 
        -0.04777389954125019, 
        0.0931613753239662, 
        -0.2708946929491217, 
        0.2967182854093386
    ], 
    "mid_left_calib": [
        1920, 
        1080, 
        1099.7854944596945, 
        0.0, 
        938.1026947156996, 
        0.0, 
        1095.234386449834, 
        532.5243307003776, 
        0.0, 
        0.0, 
        1.0, 
        0.03597965562067002, 
        0.5119693228953903, 
        -4.26103380963207, 
        11.358869136976297
    ], 
    "mid_right_calib": [
        1920, 
        1080, 
        1269.4629848437505, 
        0.0, 
        911.7965828732816, 
        0.0, 
        1262.9997550226976, 
        531.1754162934216, 
        0.0, 
        0.0, 
        1.0, 
        -0.1253410732515415, 
        0.8896623655113035, 
        -3.08876898402639, 
        3.821695955161104
    ], 
    "right_calib": [
        2960, 
        1664, 
        1007.9138993271264, 
        0.0, 
        1489.8620405140794, 
        0.0, 
        1008.0217687502537, 
        799.48593828685, 
        0.0, 
        0.0, 
        1.0, 
        0.011480729277221097, 
        -0.37520700925382455, 
        2.2033406129346496, 
        -4.358862932322242
    ]
}