{
    "left_calib": [
        2960,
        1664,
        1062.6199086019867,
        0.0,
        1501.1856328938677,
        0.0,
        1063.0811935387303,
        867.3241462209489,
        0.0,
        0.0,
        1.0,
        -0.017588365300776145,
        -0.0035916356924857768,
        0.0012989199232703043,
        -0.00046711532272565375
    ],
    "mid_left_calib": [
        1920,
        1080,
        1344.3540570985779,
        0.0,
        947.6253001129872,
        0.0,
        1344.342591974911,
        535.9286395720922,
        0.0,
        0.0,
        1.0,
        -0.4010805966235923,
        0.21387901221491096,
        0.00011641621894982846,
        -0.00019049912520626702,
        -0.06608128108275803
    ],
    "mid_right_calib": [
        1920,
        1080,
        1341.9705745346628,
        0.0,
        936.0750223709292,
        0.0,
        1342.0345935385296,
        543.7865694730348,
        0.0,
        0.0,
        1.0,
        -0.39777439950241067,
        0.20789981016837644,
        3.360849969197455e-05,
        2.969300675266636e-05,
        -0.062263590692932184
    ],
    "right_calib": [
        2960,
        1664,
        1062.62399913607,
        0.0,
        1477.6702455944462,
        0.0,
        1062.7900298850875,
        789.0526245529644,
        0.0,
        0.0,
        1.0,
        -0.0137336435326413,
        -0.007240479157185602,
        0.003090827496199317,
        -0.0008158760188049025
    ],
    "rvecs_1": [
        -0.5503146878475946,
        0.005982047776548628,
        -0.02979724261887632
    ],
    "tvecs_1": [
        -122.1085166307354,
        537.4392398770298,
        861.0663815444909
    ],
    "rvecs_2": [
        -0.041816877908929344,
        1.0219247927213528,
        2.950428110145745
    ],
    "tvecs_2": [
        113.88572173086175,
        655.4269391737455,
        777.4141620254317
    ]
}