{
    "left_calib": [
        2960, 
        1664, 
        1062.7123632000303, 
        0.0, 
        1501.1669907723003, 
        0.0, 
        1063.198934268717, 
        867.2254818072545, 
        0.0, 
        0.0, 
        1.0, 
        -0.018123981144576858, 
        -0.0026101267970621823, 
        0.0006215782316954739, 
        -0.00030905667520437564
    ], 
    "mid_left_calib": [
        1920, 
        1080, 
        1344.765375736338, 
        0.0, 
        949.0449498220526, 
        0.0, 
        1344.7928989233112, 
        535.7526055081379, 
        0.0, 
        0.0, 
        1.0, 
        -0.40210088656719856, 
        0.21621076675871775, 
        0.00011216903139339423, 
        -0.00028915651438271876, 
        -0.06759529674082251
    ], 
    "mid_right_calib": [
        1920, 
        1080, 
        1342.0114099105735, 
        0.0, 
        935.8074079986258, 
        0.0, 
        1342.037427199553, 
        543.9227758922459, 
        0.0, 
        0.0, 
        1.0, 
        -0.39629665433452493, 
        0.20369877080164528, 
        1.9594388530923887e-05, 
        -1.9088809796963515e-06, 
        -0.058732926636873274
    ], 
    "right_calib": [
        2960, 
        1664, 
        1063.395587795716, 
        0.0, 
        1477.7019576406435, 
        0.0, 
        1063.41950483637, 
        789.1377607212634, 
        0.0, 
        0.0, 
        1.0, 
        -0.013299090414193252, 
        -0.008165508401374002, 
        0.0035734840296808425, 
        -0.0009031631144117447
    ],
    "rvecs_1": [
        -0.6363606924709381,
        0.03205265859683514,
        0.00047039037536704886
    ],
    "tvecs_1": [
        -66.84307787322226,
        519.9354841279716,
        896.7219682744701
    ],
    "rvecs_2": [
        0.050169908686089684,
        -0.900101310804663,
        -2.9875037902348383
    ],
    "tvecs_2": [
        59.265536657251914,
        695.528199081639,
        772.2790533821351
    ]
}