{
    "left_calib": [
        2960, 
        1664, 
        1055.6303806828023, 
        0.0, 
        1477.2905996474326, 
        0.0, 
        1055.8769189227332, 
        749.8185873961622, 
        0.0, 
        0.0, 
        1.0, 
        -0.009973434720602761, 
        -0.014078384781973308, 
        0.006972582385842057, 
        -0.0015183182844718676
    ], 
    "mid_left_calib": [
        1920, 
        1080, 
        1340.3847997578805, 
        0.0, 
        967.1113258360441, 
        0.0, 
        1341.712611610819, 
        527.9818287271481, 
        0.0, 
        0.0, 
        1.0, 
        -0.4038369457954781, 
        0.22576807475584576, 
        8.228239912202285e-05, 
        3.4721080521992755e-05, 
        -0.07743444252845698
    ], 
    "mid_right_calib": [
        1920, 
        1080, 
        1345.475880127664, 
        0.0, 
        969.8290252208623, 
        0.0, 
        1347.424454147362, 
        544.2543791586592, 
        0.0, 
        0.0, 
        1.0, 
        -0.40415961312022936, 
        0.22530715372335766, 
        -0.00010047747355062115, 
        0.00020883137756919047, 
        -0.07672649064322332
    ], 
    "right_calib": [
        2960, 
        1664, 
        1062.2569733224195, 
        0.0, 
        1488.7184846985676, 
        0.0, 
        1062.6526867555292, 
        752.2114462554405, 
        0.0, 
        0.0, 
        1.0, 
        -0.014610986255502901, 
        -0.0075124919475412786, 
        0.004038782799650332, 
        -0.0011906193366233038
    ], 
    "rvecs_1": [
        -0.6925351991498632, 
        -0.03918149797285341, 
        0.018472463710231188
    ], 
    "tvecs_1": [
        -126.31194306336099, 
        670.9197652972548, 
        1083.504397015764
    ], 
    "rvecs_2": [
        0.05711033357438533, 
        0.8267352174541888, 
        3.026738835509564
    ], 
    "tvecs_2": [
        123.97379159336359, 
        812.4431689744117, 
        981.0834978479543
    ]
}