{
    "left_calib": [
        2960,
        1664,
        1058.624205698341,
        0.0,
        1468.779414765303,
        0.0,
        1058.3136690948793,
        842.1026260330057,
        0.0,
        0.0,
        1.0,
        -0.016987885061602568,
        -0.0033840505057163113,
        0.0013800750241002983,
        -0.0005440467138687295
    ],
    "mid_left_calib": [
        1920,
        1080,
        1351.779132197025,
        0.0,
        961.6390673161204,
        0.0,
        1350.9806713313083,
        550.9697628522983,
        0.0,
        0.0,
        1.0,
        -0.41376180447244165,
        0.25077137576795977,
        0.00019281570250058327,
        -0.0004565140409047062,
        -0.09797596830836974
    ],
    "mid_right_calib": [
        1920,
        1080,
        1342.6869201815916,
        0.0,
        947.3559790200518,
        0.0,
        1342.7052450053263,
        542.7557501902912,
        0.0,
        0.0,
        1.0,
        -0.4046896252147768,
        0.23064026316053005,
        0.0005791011593711895,
        0.0004882079047721818,
        -0.0831229368857182
    ],
    "right_calib": [
        2960,
        1664,
        1068.6079216107455,
        0.0,
        1479.7993752922114,
        0.0,
        1068.6234629511928,
        929.5322653860889,
        0.0,
        0.0,
        1.0,
        -0.02157676266507703,
        0.003920484132407453,
        -0.003993155712284495,
        0.0008371823689958617
    ],
    "rvecs_1": [
        -0.6732703027322559,
        0.04558670900842717,
        -0.024614345619530457
    ],
    "tvecs_1": [
        -187.2251002716284,
        550.3690360570671,
        924.9740718788406
    ],
    "rvecs_2": [
        0.08065650721646363,
        -0.815695882039694,
        -3.0274340612830044
    ],
    "tvecs_2": [
        188.320083050975,
        702.9354389722542,
        824.8920723511571
    ]
}