{
    "left_calib": [
        2960,
        1664,
        1056.357798121495,
        0.0,
        1469.4105149538773,
        0.0,
        1056.2425385876927,
        844.9148805085491,
        0.0,
        0.0,
        1.0,
        -0.020058913170136035,
        0.0014440922197901105,
        -0.0024743338718417854,
        0.0006986332906799666
    ],
    "mid_left_calib": [
        1920,
        1080,
        1333.530777607172,
        0.0,
        958.8212191876273,
        0.0,
        1333.6255438900855,
        554.463221838589,
        0.0,
        0.0,
        1.0,
        -0.39776043149430695,
        0.19937201310283836,
        -0.0002968680979198051,
        -0.0011572511239342426,
        -0.0552964747679109
    ],
    "mid_right_calib": [
        1920,
        1080,
        1308.5705150104925,
        0.0,
        980.1027007811304,
        0.0,
        1308.1760590784027,
        488.88362009981995,
        0.0,
        0.0,
        1.0,
        -0.40806884230065477,
        0.23932378914269561,
        0.005226381135508157,
        -0.002506135766160321,
        -0.07968332068643258
    ],
    "right_calib": [
        2960,
        1664,
        1067.1725766874488,
        0.0,
        1480.1373086938086,
        0.0,
        1069.430035243137,
        927.7734479568537,
        0.0,
        0.0,
        1.0,
        -0.018079714884557268,
        -0.0053190030779659,
        0.0038143574197315793,
        -0.0011774612669462968
    ],
    "rvecs_1": [
        -0.650617968836038,
        -0.0004562064999530132,
        -0.033023213736935085
    ],
    "tvecs_1": [
        -355.81532909800353,
        404.14807972058907,
        708.7116705537608
    ],
    "rvecs_2": [
        -0.02348388073977843,
        0.8435418701906972,
        2.9959654961352395
    ],
    "tvecs_2": [
        358.527044150323,
        553.0568351370614,
        611.9968188319526
    ],
    "left_rvecs_1": [
        0.5465336150495635,
        -0.060257264062854914,
        -0.03354203391810572
    ],
    "left_tvecs_1": [
        -394.5805763335209,
        -645.3829464602298,
        947.5948259232437
    ],
    "left_rvecs_2": [
        -0.013123657366832932,
        -0.06304606961859559,
        -0.014584278444963508
    ],
    "left_tvecs_2": [
        -395.2961293292561,
        -14.620070724913079,
        1117.6247494266295
    ],
    "right_rvecs_1": [
        -0.015082125662241716,
        -0.4964353320420657,
        3.0878984356917027
    ],
    "right_tvecs_1": [
        230.78184240247845,
        -413.03702404654234,
        1198.6780883540407
    ],
    "right_rvecs_2": [
        -0.05616745847617942,
        0.399548833222927,
        3.104362435588186
    ],
    "right_tvecs_2": [
        195.69856295302867,
        364.58938945842465,
        1176.1291184043278
    ]
}