{
    "left_calib": [
        2960,
        1664,
        1063.9656022685408,
        0.0,
        1474.9052692056875,
        0.0,
        1063.3454151742192,
        847.9044838581154,
        0.0,
        0.0,
        1.0,
        -0.024865065587634284,
        0.008286593831935855,
        -0.0068909101554247565,
        0.0014891855925640595
    ],
    "mid_left_calib": [
        1920,
        1080,
        1337.1550343427975,
        0.0,
        960.3030657540932,
        0.0,
        1337.548694252418,
        515.7901549914857,
        0.0,
        0.0,
        1.0,
        -0.4021672664394213,
        0.1947498184115665,
        0.00254924772497907,
        -0.0005517954516109032,
        -0.04859674357349244
    ],
    "mid_right_calib": [
        1920,
        1080,
        1337.1550343427975,
        0.0,
        960.3030657540932,
        0.0,
        1337.548694252418,
        515.7901549914857,
        0.0,
        0.0,
        1.0,
        -0.4021672664394213,
        0.1947498184115665,
        0.00254924772497907,
        -0.0005517954516109032,
        -0.04859674357349244
    ],
    "right_calib": [
        2960,
        1664,
        1072.5485216979737,
        0.0,
        1480.3497942727374,
        0.0,
        1074.8089931417376,
        929.0102806673257,
        0.0,
        0.0,
        1.0,
        -0.02344649354977226,
        0.0035835556337594342,
        -0.002052901972723326,
        0.00012855420060888103
    ],
    "rvecs_1": [
        -0.6475649615763732,
        -0.05286398265410051,
        -0.12948512815028185
    ],
    "tvecs_1": [
        -355.9030896115608,
        435.3488112653697,
        696.4261097435038
    ],
    "rvecs_2": [
        -0.048192642948686915,
        0.829114372184492,
        2.8921166431333725
    ],
    "tvecs_2": [
        352.79890618416977,
        525.803374092327,
        638.2089715079683
    ]
}