{
    "left_calib": [
        2960,
        1664,
        1100.0336809276707,
        0.0,
        1500.1849532258357,
        0.0,
        1059.556842631112,
        867.406824905331,
        0.0,
        0.0,
        1.0,
        -0.021524158595833925,
        0.00484506003924255,
        -0.003996810007141137,
        0.0006446938071167349
    ],
    "mid_left_calib": [
        1920,
        1080,
        1200.4491058455308,
        0.0,
        1000.9747500532085,
        0.0,
        1371.0418262872377,
        525.425048594641,
        0.0,
        0.0,
        1.0,
        -0.41311993558089494,
        0.25264306688159077,
        -0.00021640854447493236,
        0.00043428193659478454,
        -0.09663582816533439
    ],
    "mid_right_calib": [
        1920,
        1080,
        1365.7722172203644,
        0.0,
        959.5105260651134,
        0.0,
        1367.3487071187167,
        556.1603614317651,
        0.0,
        0.0,
        1.0,
        -0.4095767323283103,
        0.23505196473302986,
        -0.00017034161859171942,
        -0.0009531425555366702,
        -0.08694118458543434
    ],
    "right_calib": [
        2960,
        1664,
        1066.5804587266205,
        0.0,
        1478.6514372157103,
        0.0,
        1066.3058530539488,
        791.1891292653149,
        0.0,
        0.0,
        1.0,
        -0.023338111040819592,
        0.007086412954581065,
        -0.00557442207600536,
        0.000994182677289406
    ],
    "rvecs_1": [
        -0.5346086209417,
        -0.06598683408768928,
        -0.05656779931418411
    ],
    "tvecs_1": [
        -267.5280518293758,
        403.26531909818374,
        952.8282012614791
    ],
    "rvecs_2": [
        0.02064591250886621,
        1.0273345552567292,
        2.8850010916019517
    ],
    "tvecs_2": [
        257.7807825413904,
        793.5979939363575,
        686.652975292126
    ],
    "left_rvecs_1": [
        0.01892793279619268,
        -0.03524486372705302,
        -0.025277400514732283
    ],
    "left_tvecs_1": [
        -295.0267552737138,
        -651.060804308842,
        1200.2055310720677
    ],
    "left_rvecs_2": [
        -0.5594849762202305,
        -0.027131425154824567,
        -0.020470414086852663
    ],
    "left_tvecs_2": [
        -286.0178742371238,
        150.03697478065806,
        1392.5929360772288
    ],
    "right_rvecs_1": [
        0.08407049765964858,
        -0.007120279874484827,
        3.0870064614851938
    ],
    "right_tvecs_1": [
        300.02890502711773,
        -303.69564805263644,
        1238.762485959317
    ],
    "right_rvecs_2": [
        -0.0052458690920192215,
        0.8266401114537936,
        2.954408771535305
    ],
    "right_tvecs_2": [
        280.6659595469799,
        420.4489574173752,
        1227.6442948788165
    ]
}