{
    "left_calib": [
        2960,
        1664,
        1059.953441110293,
        0.0,
        1475.0712896874306,
        0.0,
        1060.7042789303437,
        848.8473935206403,
        0.0,
        0.0,
        1.0,
        -0.019334989226448933,
        -0.0013090722984572983,
        -0.00029322788981819516,
        0.00013168681140741988
    ],
    "mid_left_calib": [
        1920,
        1080,
        1357.363591084003,
        0.0,
        961.0238496003732,
        0.0,
        1356.190736091748,
        550.3244062755106,
        0.0,
        0.0,
        1.0,
        -0.4029238550999965,
        0.20861900625468763,
        -9.766360171415694e-05,
        -0.00024836235565957706,
        -0.060015072242236324
    ],
    "mid_right_calib": [
        1920,
        1080,
        1357.363591084003,
        0.0,
        961.0238496003732,
        0.0,
        1356.190736091748,
        550.3244062755106,
        0.0,
        0.0,
        1.0,
        -0.4029238550999965,
        0.20861900625468763,
        -9.766360171415694e-05,
        -0.00024836235565957706,
        -0.060015072242236324
    ],
    "right_calib": [
        2960,
        1664,
        1061.5510040546837,
        0.0,
        1481.4921843452403,
        0.0,
        1063.4735416435908,
        937.6710336759828,
        0.0,
        0.0,
        1.0,
        -0.022679989831613064,
        0.016655864875867423,
        -0.017918678905726404,
        0.005381182578198172
    ],
    "rvecs_1": [
        -0.07336851146217387,
        0.7489614248991142,
        2.920909341471466
    ],
    "tvecs_1": [
        685.9127902054315,
        2669.638728400344,
        -523.7604676831036
    ],
    "rvecs_2": [
        -0.6893434164665122,
        -0.036013757220892464,
        -0.12931331371954308
    ],
    "tvecs_2": [
        -685.5294856431151,
        -1442.855740776345,
        2259.446763706457
    ]
}