{
    "left_calib": [
        2960,
        1664,
        1056.357798121495,
        0.0,
        1469.4105149538773,
        0.0,
        1056.2425385876927,
        844.9148805085491,
        0.0,
        0.0,
        1.0,
        -0.020058913170136035,
        0.0014440922197901105,
        -0.0024743338718417854,
        0.0006986332906799666
    ],
    "mid_left_calib": [
        1920,
        1080,
        1333.530777607172,
        0.0,
        958.8212191876273,
        0.0,
        1333.6255438900855,
        554.463221838589,
        0.0,
        0.0,
        1.0,
        -0.39776043149430695,
        0.19937201310283836,
        -0.0002968680979198051,
        -0.0011572511239342426,
        -0.0552964747679109
    ],
    "mid_right_calib": [
        1920,
        1080,
        1308.5705150104925,
        0.0,
        980.1027007811304,
        0.0,
        1308.1760590784027,
        488.88362009981995,
        0.0,
        0.0,
        1.0,
        -0.40806884230065477,
        0.23932378914269561,
        0.005226381135508157,
        -0.002506135766160321,
        -0.07968332068643258
    ],
    "right_calib": [
        2960,
        1664,
        1067.1725766874488,
        0.0,
        1480.1373086938086,
        0.0,
        1069.430035243137,
        927.7734479568537,
        0.0,
        0.0,
        1.0,
        -0.018079714884557268,
        -0.0053190030779659,
        0.0038143574197315793,
        -0.0011774612669462968
    ],
    "rvecs_1": [
        -0.6487435165380668,
        -0.0527493905946709,
        -0.01702284964808235
    ],
    "tvecs_1": [
        -181.03029784288702,
        548.3993421592687,
        866.9398523429006
    ],
    "rvecs_2": [
        0.01701773207702461,
        0.9391813765423106,
        2.945788072610436
    ],
    "tvecs_2": [
        163.2371825731801,
        694.6611721496811,
        763.5624130418848
    ]
}