{
    "left_calib": [
        2960,
        1664,
        1058.6242056983401,
        0.0,
        1468.7794147653028,
        0.0,
        1058.3136690948786,
        842.1026260330065,
        0.0,
        0.0,
        1.0,
        -0.016987885061601482,
        -0.0033840505057191285,
        0.0013800750241036018,
        -0.000544046713869968
    ],
    "mid_left_calib": [
        1920,
        1080,
        1351.7791321992001,
        0.0,
        961.6390673333518,
        0.0,
        1350.98067133267,
        550.9697628443512,
        0.0,
        0.0,
        1.0,
        -0.4137618044786388,
        0.25077137578707187,
        0.00019281570336916084,
        -0.0004565140422096649,
        -0.09797596832828534
    ],
    "mid_right_calib": [
        1920,
        1080,
        6029.688233559317,
        0.0,
        1232.1553412528035,
        0.0,
        4777.630149375062,
        626.584072258909,
        0.0,
        0.0,
        1.0,
        -6.733939095126717,
        116.42497994723334,
        0.004611419337577153,
        -0.0846248499563783,
        -1034.8336964681114
    ],
    "right_calib": [
        2960,
        1664,
        1068.6079216107453,
        0.0,
        1479.7993752922114,
        0.0,
        1068.6234629511923,
        929.5322653860887,
        0.0,
        0.0,
        1.0,
        -0.021576762665077697,
        0.003920484132408999,
        -0.003993155712285922,
        0.000837182368996329
    ],
    "rvecs_1": [
        -0.6079828004880189,
        -0.020059658171499923,
        0.02694110331852552
    ],
    "tvecs_1": [
        -101.74125899734575,
        547.5582574608463,
        842.1867644352067
    ],
    "rvecs_2": [
        -0.051704669678054836,
        -0.9149981740259772,
        -2.994119980733926
    ],
    "tvecs_2": [
        101.26080586599494,
        626.7089165606925,
        791.0945119242766
    ]
}